2.098745172099389933e-01,2.002906846795961204e+00
1.925264619913580999e+00,1.782311185801616071e+00
8.853609298204453415e-01,1.414002087195764812e-01
1.606607971839331572e+00,1.885940779198805428e+00
1.511094872452105609e+00,1.234463505392621840e+00
2.248156237931314472e+00,4.401055124815669295e-01
7.251642298756237892e-01,1.280112631947852408e+00
1.623213692333732805e+00,-6.704997087615958140e-01
-3.524657344803117098e-01,3.123324319990520959e+00
-8.476244385339002374e-01,1.190293163601445992e+00
1.743543014801514301e+00,-1.520613111643623228e+00
2.336313015278570049e+00,1.041852194801491382e+00
1.216251779712491654e+00,2.772952697338605388e-01
1.745513373230149767e+00,2.128223796005759283e-01
2.010902341442701413e+00,2.731794979288778791e+00
1.985846730402330840e+00,-2.782654991555006951e-01
8.422356069353321706e-01,-5.186491559224499781e-01
1.440880716020541907e+00,8.058071357621422459e-01
8.900967920253044507e-01,2.046972468979533666e+00
1.047334128218592619e+00,4.825228582634052410e-01
6.258281047326175184e-01,3.414514805350200577e-01
1.008705290228101070e+00,1.207470201167844870e+00
1.950429855016426295e+00,1.266431797898858402e+00
4.158051824704522836e-01,1.781517644283207469e+00
1.995499602884009960e+00,2.279867479501558325e+00
4.345619445873255549e-01,2.653725751923464937e+00
7.357215084864425769e-01,-1.948685825860385190e+00
1.995525617267988938e+00,1.666174432665748384e+00
1.473294296671777914e+00,-5.844666112720977580e-01
1.883190620179375330e+00,2.775328624790447840e+00
-4.184899338304892691e-01,2.904973677753766026e+00
2.044288164710347466e+00,-1.676781027392865830e+00
-1.431888301182608458e+00,2.206879897448085437e+00
2.196587070865781754e+00,8.665954869927701143e-01
-4.479400099911690081e-01,5.752791999045232529e-01
1.075239461021257004e+00,1.150121169299593848e+00
8.888494000142460605e-01,3.896686977424534959e+00
2.019620548441789509e-01,1.372953043629127734e+00
1.546669539128290083e+00,6.785628773559646554e-01
-7.556816997543001069e-01,1.549626793127153457e-01
-5.491212154772067144e-01,1.591056219070976274e+00
-9.146938094596865909e-01,1.634201092705937830e+00
6.469756812277323021e-01,3.339381470604714242e+00
1.062687304387446519e+00,-6.029472381072469300e-01
2.263866043287365848e+00,1.671276315116756894e+00
1.022609429224454303e+00,8.519682751071295801e-01
9.069920078450367518e-01,5.453246954755495146e-01
-5.004859995450237076e-01,1.426663975709153709e+00
8.664720002138693866e-01,9.836734495349220841e-01
1.731614479893020198e+00,-1.252813171555346106e+00
6.045999886844624083e-01,5.560143909428225673e-01
-3.185216181838437244e-01,1.556021897992055925e+00
7.430832685844119823e-01,3.063676760432604063e+00
3.905628466411403821e-01,2.873689223772977641e+00
5.291048293793623181e-01,2.120794084957636549e+00
-7.063536698295662664e-01,-2.289740319576603067e-01
9.243719099453481247e-01,-7.153797415282803218e-01
2.579669689399974430e+00,8.170641026953149311e-01
-8.505096616484553174e-01,1.261272157183773057e+00
-6.472185580827072293e-02,3.297583169242482848e-01
1.973589506975550467e-01,1.093943596848524713e+00
1.021732820150542009e+00,1.438992305977459418e+00
1.352971372606352807e+00,1.091076396640402901e+00
7.845199036182299857e-01,4.694539712305679791e-01
8.458254129724507298e-02,1.053080481607279850e+00
6.833644189084331355e-02,5.829167785972420024e-01
1.056849047348911164e+00,1.909144616724080645e+00
6.937162996154890848e-01,1.398913257396879217e+00
-3.108555266739936318e-01,-2.896685354304311399e-01
1.124984059634596356e+00,1.509859340685992812e+00
1.512999223885699074e+00,1.243829754719790515e+00
1.816652163277232113e+00,1.287661635980276165e+00
8.933794216658381693e-01,8.288574537808621745e-01
1.994694703168043759e+00,4.611959078968737025e-01
2.962623473649135253e-01,1.002825112490807857e+00
8.219496916936952502e-02,1.893806785849148522e+00
7.673577405696124787e-01,7.120952625020147142e-01
2.330480866253810568e+00,2.246929248629346620e+00
2.085667428276624769e+00,-6.330625180223536930e-02
2.932689644371976989e+00,1.897792977010021254e+00
8.112459610575115665e-01,6.486659334394472287e-01
1.079027347191658714e+00,2.901635577082597450e-01
1.206314593179705907e+00,2.024014205743309702e-01
7.345761810469018105e-01,8.428968591108141339e-01
3.588103608731310068e+00,5.541944981083728461e-01
3.903721880845945069e-01,2.557148473821626133e+00
9.554278550781811763e-01,3.683837156419748737e+00
7.100640299524456633e-01,9.255818619791073010e-01
1.040573558525823339e+00,-1.486221274347387933e-03
2.561098098543591606e-01,1.493866208414332819e-01
1.441592605441995634e+00,2.253359394721603959e+00
-3.311121960081808702e-02,5.631801860088821998e-01
1.076554537694176084e+00,4.374205856002721937e-01
2.533717634870591873e+00,1.772566216202423384e+00
6.962941384457711491e-01,2.105791202658660932e+00
9.716112671311745164e-01,1.711728500529966501e+00
6.028436421793603728e-01,2.161000991388900339e+00
1.111491595225610363e+00,1.190931031516354599e+00
1.925682272445135457e+00,9.975941019681691113e-01
-7.010300297014662174e-01,-3.276249639132786662e-01
-3.296344211862600737e-01,7.258876758370855775e-01
2.464612365327647936e+00,6.771116406301536106e-02
6.456909631262185423e-01,1.273041392981226538e+00
2.104199015720724653e+00,1.443370862175567648e+00
9.669111221816508728e-01,8.942015228275006500e-01
1.644193284456796578e+00,1.576540612833986499e-01
1.696901546600887878e+00,1.998622736587824633e+00
7.743844869739658909e-01,3.949500353373601724e-01
1.482303886548734129e+00,2.194895729406029172e+00
9.149937862865377136e-01,1.092574894544619424e+00
2.513183450216901704e+00,5.294173906144147290e-01
2.359076422632175873e+00,1.161800184204003106e+00
1.871013585859195416e+00,1.419430286346321957e+00
-6.211209257824361618e-01,-8.686928204270871756e-01
7.405541767681933507e-01,1.562227952811266363e+00
-2.986355823865851633e-01,1.272923811719520071e+00
1.431425762007129121e+00,1.135246842311927296e+00
1.871629796627488629e-01,2.752488230691396254e+00
5.645939310103065267e-02,1.938944708090948099e+00
9.027892948222823177e-01,2.854343556797525494e+00
2.860334737041129394e+00,7.712194637012415033e-01
-8.432406331950501599e-01,8.739568807461614020e-01
2.315279501893495073e+00,9.932698111955451381e-01
2.448532920408198255e+00,-1.985702387209380415e-01
3.881228417843528566e-01,1.578786513066486208e+00
1.314307954632957465e+00,5.849278985684858156e-01
2.080757007531502722e+00,1.263975933554285724e+00
8.321036244521550218e-01,1.018236080740893224e+00
1.364175548157777307e+00,-3.495413039114270148e-02
-1.389484974948895335e+00,1.739128367358447003e+00
7.178244209238983098e-01,4.776859480622427379e-01
9.693455468351079851e-01,-2.454187660373574609e-02
1.240862469474799390e+00,7.148384151557389821e-01
-2.596336164362251786e-01,6.742857408484543846e-01
-1.994325639791834082e-01,1.916090755072311858e+00
5.328210793369090315e-01,-2.335318677304942803e-02
2.860631556246786111e+00,2.581207121814630412e+00
4.635053121303934764e-01,6.446707381796372704e-01
4.422478960348530386e-01,7.180663052705262839e-01
1.755095188349933277e+00,1.184755447158819752e+00
1.988045889098557506e-01,2.608513509736893887e+00
6.346260220831623222e-03,9.135675998969959855e-01
7.063373080722368247e-02,9.171168461534818794e-01
1.441249156748492410e+00,2.712658565924187748e+00
2.563539398362231214e+00,-3.602339457164911440e-01
1.731984946526965441e-01,1.963975842927982107e+00
2.286707424087162543e+00,2.594103829526259730e+00
7.527660477130075911e-01,1.194869056064317370e+00
9.122955688187391887e-01,5.739777801165217852e-01
2.135150475246713864e+00,1.641552023027210261e+00
2.068706364146824406e+00,-3.908001367581293017e-02
2.608839153178386994e+00,1.107165431553459145e+00
3.989321100456453273e-01,-6.420893415032014051e-01
1.167503836968224684e+00,-9.866610940045372757e-02
1.190182157001354435e+00,2.014840946244594866e-01
7.384710602687585279e-01,1.187620887676315684e+00
1.510618639288220599e+00,6.309219532904383199e-01
8.780542871774634772e-01,1.169893802204515110e+00
7.683077451918811640e-01,7.714288296773276210e-01
7.709327736015119115e-01,2.646206393636588716e-01
1.712826383433758703e+00,1.832356130087142709e+00
5.456671536312187598e-01,7.280025491611359367e-01
1.767246958912490395e+00,2.547820948506932526e-01
1.335807866403091460e+00,2.561235196878989484e+00
1.593116107489209288e+00,1.764836968158097097e+00
7.723498987007398897e-01,2.110697636587032910e+00
3.165247657592865638e-01,2.853776640187795532e+00
2.048855186950793605e+00,6.998991882690741573e-02
8.871339339816542990e-01,-5.730676838187400701e-01
1.712749014455098973e+00,7.764241711778160360e-01
-3.543579524905848821e-01,1.833373035140003271e+00
2.627242105939008088e+00,2.185554728106145372e+00
2.070091957871115440e+00,1.069117573378307151e+00
1.954187710420878688e+00,7.443862229507669515e-01
1.578829788040107651e+00,1.782920162750930126e+00
1.896982979713683459e+00,3.451097009383730096e-04
1.032053442431327683e-01,1.225094154704604588e+00
-3.456885146822206156e-01,-6.072966103024544093e-01
1.685062287760385802e+00,1.773374981898883984e+00
1.365271781378105898e+00,4.654809282957501626e-01
9.691381520110298187e-01,2.077401825105582134e+00
9.271230110879430386e-01,-5.069154692862865019e-01
-5.869183693256923018e-01,5.684377258524624388e-01
4.090087116148700686e-01,4.335099737069689763e-01
2.863884853656679219e+00,1.822649131980452530e+00
1.680792615531844225e-01,-1.903614318824052631e+00
5.295431310337432862e-01,6.907860457243961694e-01
1.891307441792968724e+00,4.309874890041008877e-01
2.472257607490517373e+00,1.165353033536936866e+00
4.972411382096353361e-01,6.528687655222789044e-01
1.834819116412150786e+00,1.099019685828667603e+00
-1.358027461398476632e-01,1.212857217470335591e-01
2.879709149487434949e+00,1.243694279627141075e+00
-8.992192001729111261e-01,3.439353250102834547e+00
1.408400781713368799e+00,1.558800417805619620e+00
1.421475928624313045e+00,3.984370109787644942e-01
2.603137236839353497e-01,2.177387705107114435e+00
-3.242233699910559430e-01,1.330367215314536944e+00
9.205981831685242645e-01,1.145266478076460093e+00
6.488095763213643785e-01,9.376253696417344852e-01
7.077780890906324451e+00,4.314366834781093729e+00
2.714019985688087111e+00,6.378095893112709192e+00
3.221723004603851415e+00,3.817906629007373986e+00
5.174836688119996531e+00,4.277705905695333932e+00
3.312168035745195915e+00,6.778997192957771034e+00
6.774598991735599540e+00,5.554336830873341846e+00
4.724440539611967083e+00,6.126457516927509062e+00
5.959862263482159861e+00,6.128985008832160020e+00
5.064733089784311915e+00,6.193548405099901011e+00
5.631784638370803897e+00,4.288518877255897976e+00
4.038801279743841732e+00,7.585187984066926958e+00
5.442367748818818463e+00,5.835724988676918912e+00
5.893549154571819493e+00,5.127438764264967475e+00
4.338627400789921928e+00,3.692811743096521049e+00
5.567546328228398345e+00,4.256554440696852737e+00
2.919585934277605155e+00,6.191139712859984101e+00
6.028932712741831068e+00,4.612567457367412693e+00
3.739662047589905391e+00,4.420947672290939323e+00
5.326372777799047498e+00,4.989191547928380821e+00
3.491488500747657042e+00,4.382349335195616646e+00
4.911164754691490941e+00,4.351929782148926229e+00
6.717082212901502203e+00,6.046057679036946908e+00
6.054518630110596433e+00,6.656825469048738952e+00
4.089827861997511249e+00,5.312897899487457387e+00
4.259742256684335260e+00,4.644365998929390393e+00
5.250716807224517169e+00,5.613092596344825935e+00
4.736326764767642139e+00,4.157522522497040462e+00
6.395597699612553200e+00,5.321869066696732986e+00
4.500901388929924529e+00,4.164612328533079832e+00
6.853610521550114854e+00,5.956387183790809559e+00
3.038509427737931645e+00,4.760396132223099208e+00
3.788129072465923564e+00,3.370124535185599512e+00
5.503012399361344009e+00,6.891539098145215370e+00
4.652786003347268107e+00,6.693418756140116166e+00
5.207300706962107562e+00,4.123993889553604575e+00
5.907227055507901170e+00,4.847761350713184925e+00
3.917215724094728291e+00,3.546300932219371482e+00
4.283557657641761551e+00,3.759337041484100084e+00
5.635647629550407878e+00,4.094505993593881676e+00
4.866291915437384041e+00,5.045839506756366610e+00
5.897900806698819665e+00,4.900688735783164773e+00
4.302930228682476432e+00,5.798196034857639347e+00
4.215401472918834713e+00,4.403900788303615421e+00
6.795459907519664000e+00,5.890607978841472026e+00
2.937247183480872881e+00,3.110454155012545741e+00
5.051231490048089690e+00,5.288727879043341851e+00
5.582938453407500390e+00,4.743398227125585009e+00
6.842305094556833112e+00,3.123277806460892148e+00
5.258542054729288040e+00,4.889448072533718381e+00
6.024539178368683245e+00,4.034199708080864255e+00
5.227299586227804440e+00,4.543922221933071270e+00
4.549478660658352602e+00,4.056035282399401254e+00
3.965838386023491147e+00,4.068263056191097071e+00
5.005230921380045217e+00,5.404853799823065685e+00
4.292858042457337930e+00,5.291805307898022726e+00
5.178457634212049854e+00,4.602390288293347176e+00
4.790310208552468474e+00,4.783517850337662303e+00
5.004428731503931083e+00,6.518633414120976965e+00
4.849117452864495803e+00,5.354650125163558982e+00
4.643344825876611459e+00,4.410560625481230623e+00
3.321918566207794576e+00,4.702359602947378647e+00
5.372133513956806716e+00,6.263015554369095739e+00
5.122567269274310497e+00,4.529008856203907918e+00
5.373943677483692838e+00,6.332691419408142508e+00
5.948880533822468841e+00,4.303334237659618644e+00
3.919146686836011639e+00,4.473277186847742115e+00
3.332414664554183226e+00,3.195896914259761523e+00
4.373037351620515878e+00,5.379619653504982502e+00
4.930148241158533118e+00,5.230733495288322210e+00
5.184088638576636043e+00,5.852777287545823270e+00
4.888034099457473580e+00,5.086650366874038376e+00
5.099407961587536064e+00,4.518055013671507858e+00
3.616019307242737568e+00,3.707061190089977920e+00
4.676529261310488295e+00,6.231348886793969477e+00
5.150447542629036590e+00,4.487925897253823848e+00
4.373267890218623499e+00,3.388158809751534051e+00
4.330374185383281116e+00,5.213867232580892797e+00
4.424290581976884518e+00,4.953685773463492481e+00
4.418689040110312050e+00,4.985026550115871480e+00
7.088220220576701536e+00,4.262024912121378684e+00
4.686202394292310558e+00,3.534470122683579962e+00
5.090866994141583390e+00,6.048381450481008059e+00
4.758070145002248452e+00,5.056368675699272508e+00
5.478132623832450143e+00,3.923019690958991390e+00
4.157100799455315965e+00,6.966652555493240584e+00
7.578782018066087645e+00,5.764045021506932542e+00
5.010318225609450948e+00,3.071058336533916577e+00
4.453214791882959211e+00,3.509945937143228889e+00
5.076946185193143890e+00,4.311758203455570815e+00
5.521593632250798578e+00,7.820678515540530285e+00
4.149698245754711579e+00,4.773277567601927451e+00
5.001952408167709585e+00,5.277343280406936010e+00
3.613941705351445322e+00,5.492138898040593631e+00
3.995994204260459259e+00,5.853129976137930512e+00
4.801313434681462766e+00,4.028890962843120427e+00
5.196886556311690164e+00,7.144336059624761148e+00
4.116089819565305952e+00,4.856446313709508189e+00
4.056605466386979053e+00,5.554168731282244309e+00
4.365586353178637857e+00,6.423718833491902203e+00
3.121079502820648166e+00,5.022004950945712309e+00
4.779415139956155301e+00,5.356872410001721541e+00
6.315834878306347377e+00,4.976045594345992917e+00
4.518293109037334609e+00,3.959631530398430410e+00
6.067042118866337042e+00,3.958104704282512820e+00
5.345059687795564507e+00,6.136216840664473260e+00
6.042719253851148054e+00,6.338686969564732543e+00
3.918538711479055525e+00,6.340223771258721719e+00
6.308537367828968456e+00,5.971185215145924374e+00
6.718197644099682009e+00,4.264618204822240521e+00
4.446557351087841781e+00,4.081289520141222482e+00
6.841901544716105121e+00,4.267149762432772775e+00
4.413479543684310613e+00,4.488194008551165126e+00
5.116765287990396871e+00,3.616414022345842305e+00
4.238586768448575626e+00,4.360732284732427466e+00
6.095421632872297657e+00,5.004809270768215690e+00
5.795698675821749468e+00,4.449945664897571262e+00
5.534716205985906967e+00,6.106505865225648755e+00
4.570848513758339671e+00,4.511434809071160679e+00
5.560324838649382428e+00,5.277979028777630255e+00
4.728085558809965505e+00,4.855423089858203589e+00
3.785655396134570250e+00,4.495644770377623445e+00
4.126317591089355474e+00,4.712639385545474902e+00
4.306155900547366855e+00,6.131919789318592606e+00
6.574505269925412065e+00,7.158502233926544278e+00
3.558666361822218516e+00,3.852883337332571489e+00
4.059869269548612714e+00,6.069213477559767256e+00
4.751756176036633583e+00,3.548173543629064675e+00
5.913885362137667911e+00,4.677492883303204785e+00
6.838933492995589170e+00,3.764448362872268472e+00
5.347613455546680328e+00,6.321400810101289736e+00
4.964154614511002706e+00,3.956665493937999933e+00
5.508206049684500449e+00,4.886977465576398671e+00
5.373094463269922905e+00,6.043879264148346309e+00
3.855944575895180915e+00,4.785235696520769189e+00
6.900979919873787338e+00,7.056816511818183812e+00
4.247541527850142273e+00,5.103384705872382021e+00
5.815368340364609701e+00,4.462195893958869952e+00
4.898900485065825983e+00,5.530250731567332600e+00
6.870689021884286873e+00,4.649129434292188279e+00
4.105006889752871757e+00,3.812539084661515254e+00
5.103853054144365409e+00,6.507538602522807025e+00
4.588453353423756376e+00,6.115328114492355027e+00
5.513730957826786572e+00,3.551788310530835435e+00
2.864296067855550465e+00,5.541709712757684869e+00
3.606022098349916050e+00,4.869828046889120188e+00
4.689929477860378171e+00,3.112019420671837899e+00
5.547448027397400061e+00,4.501775086498052580e+00
3.440377471676526966e+00,6.474986189652415014e+00
4.159680443210748813e+00,5.941401812534801152e+00
3.303538432691965454e+00,4.126435411363377881e+00
3.687663798147313265e+00,5.346277028112203844e+00
6.725887719438046197e+00,3.220245484924786794e+00
4.444443780732798110e+00,6.588906409051862312e+00
5.443981837940834012e+00,6.090655083078570620e+00
4.292698229804195797e+00,4.664665553196606140e+00
2.825366251897590164e+00,3.935309195522858516e+00
5.345591017357913977e+00,3.538426173627731153e+00
2.897079935345073132e+00,3.763929540842659627e+00
5.685843458352858093e+00,5.989406328960277470e+00
5.583255646275064876e+00,4.256981873385011106e+00
5.386589550257832926e+00,4.980785695961668758e+00
5.606678091694885957e+00,3.980960937312131520e+00
7.181716083594030131e+00,4.658770945082732595e+00
5.420278845865036388e+00,5.272844549697289551e+00
5.502276749922480725e+00,7.102969393214354277e+00
7.351165570291311013e+00,4.805319624905315834e+00
5.834807238237593729e+00,4.613765222732086002e+00
4.246453597133363900e+00,5.427160703571647815e+00
7.090019125095949448e+00,3.627714389555789509e+00
4.082305310543699051e+00,3.143321309557106424e+00
5.257530816061015244e+00,6.102711987880514499e+00
4.583649926125597851e+00,4.665763076237112728e+00
4.125159709904110628e+00,5.349540440799140484e+00
5.528233451094934914e+00,4.372691478385827502e+00
5.008971792468058126e+00,5.733835249987859761e+00
5.509997559938015321e+00,5.395847032584041081e+00
3.271373362498330550e+00,6.444156549666113065e+00
3.918659317159443933e+00,5.781977998021722520e+00
4.167733375049371247e+00,5.822740423350783345e+00
5.239606271977002905e+00,5.792314127957101100e+00
4.644723260293003086e+00,5.809167638935708311e+00
5.709944871163384228e+00,4.999812306536878914e+00
4.564968743295518827e+00,5.296497987507247096e+00
5.133077356629443422e+00,3.355367902393662227e+00
6.371353674321150962e+00,4.068459123831853042e+00
3.936343338808975023e+00,6.486153031192152696e+00
6.811602493288388516e+00,4.632939004140355088e+00
6.033583454071215435e+00,3.874208732831584179e+00
4.183561118452305827e+00,5.080113566911742318e+00
4.696203333404505464e+00,5.758824517924375108e+00
5.398055647784494759e+00,5.070719691839308929e+00
5.878350475079853865e+00,4.340803781355325519e+00
3.745803992175779307e+00,5.169632408558129555e+00
5.884915569314563832e+00,5.293306054545551476e+00
6.667751680866837560e+00,5.399574340120532057e+00
6.087997583385628353e+00,4.666378839930911404e+00
4.066618297315057085e+00,4.089476479128045128e+00
4.051509847436980394e+00,4.659614116781408022e+00
4.237571715027550923e+00,4.323503061675512349e+00
6.760840003353666638e+00,4.055573552756573719e+00
7.206180030227907984e+00,-2.437868700442564762e-01
8.052538241927816642e+00,3.291212095314565156e-01
5.682469722820520097e+00,1.610991511612204219e-01
9.219821634314005365e+00,1.499726728871982662e+00
8.699570446468273488e+00,1.433862201407185122e+00
6.580843198266841831e+00,1.003263148939740335e+00
6.683306982596590728e+00,1.687774843391514956e+00
9.476716254335602940e+00,-1.083680018058874595e+00
8.573986945838758089e+00,7.825049805752264387e-01
7.734817543291805819e+00,4.675836838794669159e-01
5.559702472026003761e+00,2.447173818517886179e+00
8.059506546586860054e+00,1.162242617483258744e+00
9.083758174768957971e+00,1.136410256703866750e+00
8.042333507328098818e+00,4.967113351209593297e-01
8.118211052056215848e+00,-1.699433405251784546e-01
7.182344483055082662e+00,1.804084245894450156e+00
7.293200676968303320e+00,1.709213127565890833e+00
7.984568782496070938e+00,1.522309551926872562e+00
7.966328012903302280e+00,9.811357397211567521e-01
8.306805540336014815e+00,1.084701912601280460e+00
9.114820807054639928e+00,1.366292905977170902e+00
7.852083064957366076e+00,-9.223826823585101753e-01
8.673893606647233412e+00,1.490440591274297732e+00
8.688353002985357065e+00,-4.199854966852472060e-01
9.079903364967663038e+00,1.670522056372050645e+00
6.691596970688346246e+00,7.328950121670525508e-01
9.669109223868670000e+00,-9.132474772913818928e-01
8.792172118885609677e+00,3.771961657994726824e-01
8.592723915045089811e+00,8.117027652611497057e-01
6.508702175069354112e+00,8.392797467424091273e-01
8.723877061378534137e+00,3.042934969684744306e+00
7.668793842940530681e+00,-3.024954870048695010e-01
7.677071740071045980e+00,-3.858092932462708902e-02
8.915316391256769890e+00,7.310789972340785425e-01
7.768743057135317542e+00,1.784149156813899406e+00
7.529278425374252848e+00,7.022210979670253650e-01
8.261040102938656204e+00,1.348878737213122347e+00
8.843504267337358726e+00,1.921803237902082850e+00
7.503346743633642291e+00,1.692084413956198796e+00
6.163557021151992998e+00,1.117887678975917343e+00
9.196556149420374027e+00,6.809657528751663635e-01
8.347382781668592600e+00,-4.733823948763429268e-01
8.109244596538937699e+00,1.485045616849699934e+00
9.022971794654829125e+00,1.935654393517340033e+00
8.263136434121042484e+00,1.600056436051164432e+00
6.771198752006114319e+00,-7.107790451214457406e-02
8.731943302712906529e+00,8.508468185887420043e-01
8.076743111289721000e+00,3.107933749109445198e+00
8.488308404199807811e+00,-2.204791654736995010e-01
9.554007806030409000e+00,9.323663202972179986e-01
7.827463451891270907e+00,1.621964908311609666e+00
6.888940685139011144e+00,2.076923558874811615e+00
8.495793859946900284e+00,-7.359723503186283988e-01
5.469623416291353735e+00,6.263297056671457419e-02
7.419057489657315152e+00,1.414753088187705288e+00
6.839921175493335781e+00,6.556847262007305943e-01
9.537818086496496761e+00,-1.546047818433431420e-01
7.421642462948583763e+00,8.297794869661950790e-01
7.263596800567905909e+00,2.086353472354909311e+00
9.674608815191351852e+00,2.719087991760618106e+00
6.133495954961490249e+00,3.202138278420350037e-01
8.390464212648900855e+00,1.168530103697296152e-01
7.635287620576455936e+00,1.006081328854158574e+00
8.491247977596751539e+00,4.014019626615961123e-02
6.544927720795079118e+00,-2.096215854650773647e-01
8.545420447445422951e+00,-2.220733538365515791e-02
1.026234871427306139e+01,2.019965669971600875e+00
7.758930292766182291e+00,2.937043191995771796e-01
1.012004741695944965e+01,-1.121873181048761214e+00
7.653381624421496277e+00,7.912985041966175137e-01
8.535768209783135774e+00,-7.987919498595452694e-04
7.810644876167410544e+00,2.297468138786176617e+00
6.570258340247829842e+00,3.087114730020549036e+00
9.988713863292174366e+00,6.111528885569308400e-01
8.296067808454479220e+00,6.589877915393291818e-01
6.842584677651536218e+00,1.258979971293483491e-02
8.340440815262017082e+00,-1.446331875898347885e-01
8.348873715570462650e+00,-7.190339514104977514e-01
8.762071485836539608e+00,4.867974983612567419e-01
6.848458563261452525e+00,3.815030945399883189e-01
6.493308297523242345e+00,1.134134535355723505e+00
6.579455705041900693e+00,1.191121505921538981e+00
7.419566354670530828e+00,4.057416226803912673e-01
9.154183398994502951e+00,1.738554595396150315e+00
8.559252003825926991e+00,1.079974701080022026e+00
7.966092423207872031e+00,1.316794244073158815e+00
8.387164247225500802e+00,2.496166561535595463e-02
7.014698608095675247e+00,1.256961534432142757e+00
7.516317994205561348e+00,-1.173910292750354412e+00
8.862934660416106780e+00,1.745297877187566460e+00
9.026175106261673520e+00,-1.756553570293339916e-01
8.330965892388679350e+00,1.514561133899019918e+00
8.119675504811866062e+00,2.088829665439011940e+00
8.414264749012902556e+00,-1.361477418298011610e-01
8.862991103810220039e+00,-7.480722131181594126e-01
8.654500361185146318e+00,5.747371672035095358e-01
6.732445562782725546e+00,1.129036637870430404e+00
6.737847647369953563e+00,3.120276502393995788e+00
8.553196454818424499e+00,1.635609885756451609e+00
7.130195074603914662e+00,5.006307999949207721e-01
7.736291369030401377e+00,9.582017866826031405e-02
7.938730241096647156e+00,-3.881989495892543829e-01
7.708017679666977706e+00,9.502299719151097168e-01
9.345258370447346863e+00,5.458034075278426211e-01
7.914545991970260097e+00,2.593864809460967313e-01
7.551339170564472347e+00,2.949579503993804419e-01
7.851522007244208901e+00,4.474306455452794484e-01
8.391111377667650473e+00,5.879242193855813703e-01
9.440378348629591798e+00,-6.593323676095439456e-01
8.116991373613455352e+00,-1.431766972705947882e-01
7.280860594070501790e+00,1.263410771988171089e+00
8.480472702244414407e+00,1.651066695408790252e+00
8.994646898959814507e+00,2.018572470862452839e+00
7.105863668146141343e+00,-3.508487578263359552e-01
6.115276786207580528e+00,3.328302757964136660e-01
7.281247046707253645e+00,-2.430483284707496416e-02
7.875353646673414865e+00,4.054920592287608594e-01
8.159642489261038634e+00,8.910845556966987546e-01
6.238888627875018855e+00,1.524604217039314813e-01
7.763587842880242285e+00,6.783706073457678176e-01
7.897199924839984675e+00,1.671553185984012035e+00
7.297106508469682673e+00,9.052683014612838974e-01
8.664121863860550832e+00,1.101022348752431546e+00
8.715849224290789010e+00,1.507980314748788020e-01
7.204746675605743889e+00,1.081356661271943853e+00
8.126288955914100498e+00,8.116599122748761053e-01
7.221144998950775218e+00,1.974094690045954614e+00
7.032596605736406659e+00,1.271123051239567703e+00
8.676563458395881057e+00,1.431461061050414596e+00
7.142954351613372665e+00,1.317867110473401437e+00
6.276430880078457619e+00,2.371939509048409001e+00
9.181850993127758542e+00,1.238950008973300765e+00
7.379190503671501311e+00,1.292635561380306219e+00
6.723052757463098494e+00,-1.093720742106078614e+00
7.041799700979781917e+00,-4.109278791827355448e-01
7.648584213458269332e+00,-2.666452070718250411e-03
8.138266417232786765e+00,1.374732360031999834e+00
7.373366517568568312e+00,1.176168960055183899e+00
5.996779815692031335e+00,-1.159726297554476648e+00
7.495628163243173603e+00,1.591743404813797946e-01
7.180198497569087124e+00,1.368276370742566250e+00
7.431780363423123426e+00,8.215629806242015221e-01
7.889975356891591574e+00,-2.027324728186552516e-01
7.535651984505325807e+00,-1.564231874913437625e-01
9.094046849166080193e+00,2.537858910830229853e+00
8.757320773306377149e+00,1.947692462058370211e+00
7.756598420047324360e+00,8.609905210221495686e-01
6.643407291992295072e+00,3.030349885866965298e-01
7.707162263799501645e+00,-2.161851045839475738e+00
8.079921730522901413e+00,-9.184885732179792761e-02
8.188630255006453140e+00,2.932358449198693151e+00
8.420435093755164857e+00,2.709086559545364370e+00
7.950928273444590744e+00,-6.727888642876627134e-01
8.911590400861804540e+00,1.813922594116776033e+00
7.563624268764944425e+00,1.442741606804000654e+00
7.033394914163312528e+00,1.209701129413831566e-02
7.775148105493651762e+00,4.704386110983435287e+00
7.240661562228837056e+00,1.620389909251227500e+00
6.125645697766204378e+00,-2.002143874101314225e-01
7.803362939474599358e+00,5.833178257209035156e-01
7.482538484282229341e+00,1.447881752285466561e+00
7.595681658148196291e+00,1.700859819443117704e+00
8.752861072555427668e+00,1.193442651434007296e+00
7.518430595165199293e+00,4.848065111102102254e-01
7.367061339483490734e+00,3.148711383526438201e+00
7.045778159916991967e+00,-3.029032941681553126e-04
1.011059415489166113e+01,1.851543333719092965e+00
6.879315585553026580e+00,8.110186058786709173e-01
8.015848283158918619e+00,-1.684853822385614652e-01
6.320667431691002314e+00,2.062519101568914159e+00
5.906317713232191124e+00,1.976994400983599132e+00
7.736483338458213233e+00,5.192515328838334110e-01
9.099899139769233258e+00,1.074765626669386354e+00
7.342008994150920564e+00,-4.325487192325812025e-01
7.639529161560253634e+00,-1.374135945020093175e+00
9.057464455574470108e+00,1.567787014244463872e-01
8.432533803361295099e+00,6.534798153484766559e-02
8.194253523195817124e+00,2.507545083251192075e+00
9.339893780120457123e+00,3.388076476683203886e-01
8.693151265397204952e+00,4.645648734235706678e-01
8.522540148848047892e+00,1.819451226162605018e+00
7.732690804337594592e+00,1.332897265592946967e+00
6.691386257635194568e+00,1.233258821224062274e+00
8.820797340460886815e+00,1.730444513973392162e+00
8.201673950985961525e+00,-1.970339057107755032e-01
8.150898902207817542e+00,1.639943914443140915e+00
8.457779886127417157e+00,2.664236494338639627e+00
8.527415041243882499e+00,3.808746799764005653e-01
8.287853501932787026e+00,2.037998921881627901e+00
5.724172649775400856e+00,2.880061488704694916e-01
6.819196594471995887e+00,1.100004427369797977e+00
8.753192290622457961e+00,6.963827901192243264e-01
8.609636169630086044e+00,5.496209858200251652e-01
8.452636447557784649e+00,6.058073364554539264e-01
6.308107659202021544e+00,2.458347117661645598e-01
9.064854344851713819e+00,-3.463151560915100902e-01
8.383427510766244595e+00,1.809992429535712599e+00
6.080187682556307038e+00,1.332123517053600104e+00
6.309950269866224204e+00,6.900865678213441434e-01
6.820198002343637711e+00,6.815566322302312185e-01
-3.954785385967167777e-01,9.642190596547896675e+00
1.452694562685790558e+00,7.988147121405996032e+00
2.541877757302876351e+00,8.139971901176199509e+00
8.798920073484879367e-01,7.696407847912227318e+00
8.528486080873739494e-01,8.587731704485369377e+00
2.436549918296733175e+00,6.924794695756991914e+00
1.528180750436419988e+00,8.921094464530561652e+00
1.893550033241737651e-01,9.196868548699789869e+00
-4.597600501415821661e-02,6.793803593805218810e+00
1.915520962298303376e+00,8.396874439578457583e+00
1.129484334955102032e-01,7.391336372092599305e+00
2.127227655805863371e+00,8.299539360858330994e+00
4.295083317449372551e+00,9.445471220567956294e+00
-1.081126329091882887e+00,7.558160327121250077e+00
-6.331884896986372802e-01,8.948362748658597710e+00
1.598264070914682033e+00,7.641784256528963759e+00
1.137585167013675402e+00,7.527272178831049487e+00
1.702126750065026783e+00,7.077838020661205043e+00
1.625873647901187491e+00,6.920712724578226727e+00
2.109642041633712495e+00,8.444373707363421744e+00
2.651777878988417658e+00,8.233762835553580572e+00
1.367874431966193294e+00,6.850153103944695232e+00
-7.243477661179920091e-02,9.643118484008665448e+00
1.190907855324154552e+00,9.074865036206013258e+00
1.371930886905573965e+00,7.688560621160202224e+00
-4.222174178400470712e-01,7.280683140928941199e+00
1.843410428808300416e+00,9.001305957729922369e+00
-5.504348655997066686e-01,7.449579356847610079e+00
-1.873427964215663710e-01,6.343273594976447605e+00
1.261284124472190404e+00,8.422317098029266091e+00
1.305327692104719661e+00,7.921268482919085585e+00
4.240399553892936213e-01,6.481823354901338874e+00
-7.666014327257493211e-01,7.867496917183577132e+00
1.378808634632991970e+00,7.171907542702038008e+00
7.706955437869462688e-01,7.112426840574327613e+00
5.861900992553782386e-01,9.900251605577619074e+00
4.801208153844600535e-01,1.033566857818095031e+01
2.075252393682661456e+00,7.383742921570147999e+00
5.300965338677436911e-01,9.251019584192022194e+00
4.023251339118638636e-01,9.820862978988794012e+00
2.864446458531803685e+00,7.669379805166427033e+00
2.854775618016216043e+00,9.335328696869460430e+00
8.717276811121884572e-01,7.252967746584017661e+00
2.979478794574093037e-01,8.179626893501458440e+00
1.602487027865437730e+00,7.751125884016621725e+00
1.476456714017079896e+00,8.485791358179897159e+00
6.340842577330760843e-01,6.687179099595339515e+00
7.456519581898289895e-01,7.106622260598698837e+00
1.180926270041116943e+00,1.002901022251664109e+01
2.415632626712092446e+00,6.966578110464832996e+00
1.276978644772939653e+00,9.611181508791615258e+00
2.438496464054248136e+00,7.441251370714424773e+00
5.595289653998152257e-01,7.486545417903925248e+00
7.541737418789865588e-01,8.692825672626844025e+00
1.706942963699022320e+00,7.054749823699306255e+00
1.597231220160000742e+00,8.675456565615068172e+00
-6.919360714469007245e-01,8.362258297985917466e+00
1.078754825366641468e+00,7.721626418560332716e+00
1.650895608399880476e+00,8.121308373243088852e+00
1.396231912936404251e-01,6.312986700361074455e+00
-1.167781899933600709e+00,7.931302520395805189e+00
1.301338562927132569e+00,7.800688097964359358e+00
2.681833463115532723e-01,9.872460818122661408e+00
4.735490599968078529e-01,8.777259474412012707e+00
1.692550623038324487e+00,7.755890317579542170e+00
-1.386836690628907132e+00,1.029346971055062987e+01
9.280601724213486392e-01,7.283482694533903512e+00
2.135656624565599238e+00,8.108411427458829479e+00
-3.634120645892893187e-01,8.125959067158184723e+00
2.989332791674523371e+00,7.864871640929331775e+00
1.009028386863637605e+00,8.614919981506339752e+00
1.479946210390344685e+00,8.102408621444247672e+00
1.485786186865739378e+00,8.250078112162361421e+00
2.376872437110250758e+00,6.970297328328085129e+00
3.728140876093094302e+00,9.322713642304163884e+00
3.473438916354777417e-01,8.089487635108842056e+00
1.182817072325438534e+00,8.366725353090490813e+00
1.286401259487027549e+00,6.433627224768791564e+00
1.798025854263033629e+00,8.315146751229953281e+00
7.984416962381200022e-01,8.039214885494555318e+00
1.312089009916188598e+00,7.001481485175999886e+00
2.026339967451145974e+00,6.921100920685685942e+00
1.374671213765934930e+00,8.102963646080423743e+00
1.952110555072076536e+00,8.453506564150936597e+00
9.689061473090549992e-01,6.180033366536141770e+00
1.117559458525129612e+00,6.825302863922923180e+00
-1.130715825560469678e+00,7.994184736435564709e+00
2.124410349889961358e-01,6.827850521699705411e+00
1.003517150253457224e+00,9.315500340640026522e+00
8.101025750676827952e-01,8.633546057569136067e+00
-6.709563678410277454e-01,7.814036522157296716e+00
3.351033152595065179e+00,8.043588224498883221e+00
1.219834851937585896e+00,8.818190426146575334e+00
-2.580342143350140560e-01,7.799871668579646311e+00
-2.333702803810782100e-01,8.336569274972381649e+00
2.487094629845761240e+00,6.601168555862799714e+00
6.713253925467088656e-01,6.349950549174675274e+00
7.672163647647012308e-02,8.748681678784784310e+00
9.139693792431528019e-01,7.169847861902001185e+00
7.064734936929257803e-01,6.118253788060556531e+00
1.193482328287120975e+00,6.727294533588453973e+00
3.659256744244958615e-01,7.710395261621858509e+00
2.645451732167688697e+00,8.585700057694454657e+00
1.353421348809554781e+00,9.197422046121499051e+00
1.497149520569643455e+00,7.282443365190890638e+00
5.477926748203567620e-01,7.999537992337597991e+00
7.924455153351372960e-01,7.543780963196460299e+00
7.958530048035739046e-02,8.078392504538923546e+00
1.650593506116326159e+00,6.730153222807536473e+00
-2.381481835348047138e-01,8.623176014809107670e+00
7.553265564239490804e-01,9.449623457201074217e+00
-8.262378247632877759e-01,6.658090847972971460e+00
-1.095848031211461571e-01,6.947065455923527644e+00
1.722240892117632205e+00,5.107179993659258344e+00
8.001009158607925720e-01,7.802641797297725113e+00
-1.818331368288762295e+00,8.115334617578945142e+00
9.681131850589764776e-01,8.835824903914732076e+00
2.446823700792148948e+00,8.400413521098222702e+00
1.611426549115923423e+00,7.493265836452012607e+00
-4.567565942418099212e-01,8.816018525478451551e+00
-3.815852159592503234e-01,8.018775083370732304e+00
1.251038801085465835e+00,7.653923014673663872e+00
2.166889933693119552e+00,8.711072162945590946e+00
2.563574742765283077e+00,7.935402043076304146e+00
2.651016254489625190e+00,7.750484721720092729e+00
9.629812105985272597e-01,8.246226728373670767e+00
2.008334867770350529e-01,6.716561829516063398e+00
1.016402259046653711e-01,7.459309914616238935e+00
3.071904396729735476e-01,6.612243748743825478e+00
1.057449718892422563e+00,9.362550510877012400e+00
1.840959335145902376e+00,9.850424266580372290e+00
5.258334253693484062e-01,5.989750011159349796e+00
2.335413175574884370e+00,9.011404367541794969e+00
3.047546840215476838e+00,8.722208671636408894e+00
1.429444065960340016e+00,8.275098323858486538e+00
1.390780151681962007e+00,9.287135595069585747e+00
1.820904600105231808e+00,8.989175259790039618e+00
5.924836604355694369e-01,6.391376484949214287e+00
-5.201886275493827760e-02,8.662201636973746233e+00
1.515319797915946509e+00,6.209286631834950221e+00
1.583801897829423044e+00,8.302532492459913982e+00
1.293911215333662934e-01,8.648846555060075048e+00
2.732402535662933563e+00,7.520733491833511586e+00
7.971253197709696758e-01,7.947940009777413550e+00
4.599922028895612192e-01,8.833005321835965873e+00
2.691871853366117229e+00,6.139322003429760422e+00
3.481211680482561466e+00,8.369782911602209552e+00
-2.479100784295980020e-01,1.014047844196731418e+01
-4.786141889689368156e-01,7.206773761948968016e+00
3.498143980227100158e+00,8.682467908468591844e+00
1.325370441501156238e+00,7.026815273442655219e+00
6.612865811461041687e-01,7.013009978186969917e+00
2.723842063546165759e-01,9.910243217957466655e+00
6.819923283601759811e-01,7.383860080365026057e+00
8.841222397041439418e-01,8.898232958000512838e+00
2.172444289460949030e+00,7.774062084281290197e+00
8.760899826268662149e-01,7.863158904256486004e+00
3.253411427120314059e-01,9.012409843518732089e+00
2.615707478257289775e+00,7.418799646694434813e+00
3.483449240018442472e-01,7.239554469056170838e+00
1.642785788193295016e+00,6.465549821285980769e+00
1.456615888394657832e+00,8.847736971798223493e+00
1.161559090093734481e+00,8.516305263956500227e+00
3.721960275225563386e+00,9.223563696994471428e+00
1.595336141068193214e+00,7.156772783518236203e+00
3.016958087188751580e+00,7.013643727258068949e+00
2.679753366400535519e+00,7.854433630257557475e+00
-2.175356365085345800e-02,7.755140026731789149e+00
1.602388616664254029e+00,7.812358895745870946e+00
-8.301558418013017526e-01,9.169580154346625989e+00
2.508528315471588499e+00,7.842849280771714504e+00
1.393089440642384158e+00,6.101748460443482180e+00
1.535311842872486565e+00,6.167923567528825757e+00
-3.325395862258739843e-01,8.284890346000112871e+00
1.096236360492538919e+00,8.547398780833129095e+00
9.128208924306124850e-02,9.701100380983103122e+00
-1.251161311416744137e+00,8.815827784672974232e+00
2.096539609215303024e+00,8.182254946575399757e+00
1.538588435906533824e+00,7.501638431988825850e+00
1.207251684317692808e-01,8.036974662392450952e+00
8.695536393580289847e-01,7.735719638932246234e+00
2.562731874300729906e-01,7.642104769318384783e+00
1.709858280354050075e+00,8.287249483860890109e+00
7.661856095391806898e-01,7.957032672480599089e+00
1.472233275673864306e+00,7.935336137592853945e+00
1.075718491074281191e+00,7.377056990656448043e+00
2.286224357215356662e+00,7.301368839617294881e+00
1.766570852510930267e-01,6.157264144740610234e+00
-1.209002029008243717e-01,6.959405922775890652e+00
-1.054701166731212059e+00,7.917384752322089270e+00
1.415637659095877021e+00,8.135463456411599736e+00
2.977156110489112439e+00,6.201506618168872720e+00
7.292871162846653599e-01,7.408189084720195439e+00
4.797978025100277932e-01,6.906325026160233804e+00
1.047309789509619726e+00,7.933323653601184411e+00
6.750018154011074856e-01,8.072731460901131584e+00
2.524584798211720660e+00,6.598042329593850397e+00
-1.324819208383849478e-01,7.106880071474185101e+00
4.579569962665944738e-01,8.906652692332103882e+00
2.450841001140437569e+00,6.228971079139457245e+00
1.323331624013615659e+01,1.445625045243747486e+01
1.203837585514705388e+01,1.283585765272335699e+01
1.410433382691607029e+01,1.512852186317197933e+01
1.287031429889514378e+01,1.169704313752753322e+01
1.430784497138050249e+01,1.389788605654623765e+01
1.283254072320160333e+01,1.346554901651020053e+01
1.426425612846266233e+01,1.349299397501797948e+01
1.288076300664520701e+01,1.180927322965951376e+01
1.329183228664213523e+01,1.268582345568669112e+01
1.291522908962704363e+01,1.467386986115153036e+01
1.480476996172099646e+01,1.384465248610204569e+01
1.427768852324285298e+01,1.394307197988389646e+01
1.171194991021873477e+01,1.227696107009446536e+01
1.171990604014643544e+01,1.318019181111256621e+01
1.133852509905568695e+01,1.378551682880066664e+01
1.294404282220525104e+01,1.326120631093855096e+01
1.291363642076418472e+01,1.207387566187203731e+01
1.319102974298100683e+01,1.235305015366766668e+01
1.185316929442013745e+01,1.446637422531352080e+01
1.309230097929231107e+01,1.285497981923429833e+01
1.439136508649602675e+01,1.243019977151653244e+01
1.497501684129745314e+01,1.373068725304340987e+01
1.115270772416256584e+01,1.239341970183857455e+01
1.364608545418189500e+01,1.347131304956974063e+01
1.322681427656062070e+01,1.247811556527276799e+01
1.300461808492861415e+01,1.196593172868596078e+01
1.372981744779749924e+01,1.311472777988557148e+01
1.268060772966872385e+01,1.220838330927925774e+01
1.361462216017047133e+01,1.269696704762267636e+01
1.254462514322675126e+01,1.355688979993756149e+01
1.398193264364534372e+01,1.279108127180179366e+01
1.185152181229735646e+01,1.253581384792391695e+01
1.190219763409576714e+01,1.359017543244982384e+01
1.303107681800932838e+01,1.412455574406479997e+01
1.180494977603946438e+01,1.291362920885269183e+01
1.209897031149168001e+01,1.558407114364422164e+01
1.371587762965701529e+01,1.107475171327926944e+01
1.367543627809076767e+01,1.226692841020922486e+01
1.124660323100336790e+01,1.366206122378846288e+01
1.181625329859043561e+01,1.382062758807654035e+01
1.347417225001495744e+01,1.387723599605511104e+01
1.202454053710162007e+01,1.325302737455217539e+01
1.272191164547371045e+01,1.272510037046529341e+01
1.393700778486564573e+01,1.317653103553061200e+01
1.388171630220803010e+01,1.377509739432196056e+01
1.243777044022899503e+01,1.209998690107111408e+01
1.135247405996273429e+01,1.524838931366757144e+01
1.148824785612096733e+01,1.336229954892243832e+01
1.308481983420856309e+01,1.276274085581508544e+01
1.501292021903048379e+01,1.247052051708025466e+01
1.391012232002987403e+01,1.455035364131425268e+01
1.171240728518596796e+01,1.256566603390592185e+01
1.310572404166344640e+01,1.381502139516720185e+01
1.284205056850722571e+01,1.445947736476715839e+01
1.484217586002455214e+01,1.172226980548977693e+01
1.291876878397996364e+01,1.286242309320463306e+01
1.431289245842249969e+01,1.273653527236300143e+01
1.366420039912286555e+01,1.328984212185989655e+01
1.380467008226582593e+01,1.479885990847392563e+01
1.355223686975771713e+01,1.334219576615112501e+01
1.239317530682543733e+01,1.402131702696034310e+01
1.092020373938829181e+01,1.294914927620022382e+01
1.256909592084523197e+01,1.207909507498075463e+01
1.271575763208668164e+01,1.193294934550004172e+01
1.354536667001345407e+01,1.264490391502360467e+01
1.370195210595455038e+01,1.277560813927889072e+01
1.262657402436424725e+01,1.419934869893751284e+01
1.170363637520095246e+01,1.376904701028576206e+01
1.196977000783894596e+01,1.396071604642370012e+01
1.374087286208665759e+01,1.179272194548242148e+01
1.218986225769350185e+01,1.433435255873504488e+01
1.259025273635637276e+01,1.391793236627119867e+01
1.434715093636152972e+01,1.303849829506187774e+01
1.277114424434247297e+01,1.252279803080051224e+01
1.449508674142489539e+01,1.256768185649839609e+01
1.169482264242797598e+01,1.211380366404730324e+01
1.377797597038699529e+01,1.253313203120268149e+01
1.197383156916050062e+01,1.147262511530082740e+01
1.411303652828401844e+01,1.274230060675570364e+01
1.212456521032571999e+01,1.389329037116923793e+01
1.583165235878448662e+01,1.322816997679805340e+01
1.153969153640869827e+01,1.276840326017831018e+01
1.215008697734574561e+01,1.196170203114401076e+01
1.228137022845730542e+01,1.132961450362091149e+01
1.328172710456176553e+01,1.180520130973960491e+01
1.309723338071987797e+01,1.262624783965034680e+01
1.330791072657599727e+01,1.204581802095170850e+01
1.328591581617079775e+01,1.350818573241906151e+01
1.359144902149045286e+01,1.219050903959433718e+01
1.325185964894451374e+01,1.236335228512160711e+01
1.082099765046312356e+01,1.315857671115980132e+01
1.263025215684044156e+01,1.268936198947086069e+01
1.340995396861985967e+01,1.352075088564504490e+01
1.277599475715685351e+01,1.362773977226493649e+01
1.301163146744539389e+01,1.293121631542777017e+01
1.063358934050580373e+01,1.239402365018252183e+01
1.451411136208796648e+01,1.373567552637779698e+01
1.347270765540819148e+01,1.195791276018463911e+01
1.334771221710590794e+01,1.314958482962095054e+01
1.306566972667143745e+01,1.237135897560235698e+01
1.195360287501107344e+01,1.172820715651748458e+01
1.175499752723541746e+01,1.379375611225264464e+01
1.305457292553152726e+01,1.387661518114488679e+01
1.455583433636385493e+01,1.461346515981773031e+01
1.378198254002419176e+01,1.367752289209911964e+01
1.328604690217802720e+01,1.425509794073844816e+01
1.332220514814401646e+01,1.453113225604345082e+01
1.242409400347313664e+01,1.323802843255855599e+01
1.230568922481817395e+01,1.340619093458201583e+01
1.359159606442285195e+01,1.100928631306856609e+01
1.310638805160490072e+01,1.299087184155913555e+01
1.198717540560365968e+01,1.141605775905434683e+01
1.443949704485345720e+01,1.164954288660579529e+01
1.283963639717340222e+01,1.270965976111180318e+01
1.329479743752504817e+01,1.433672695549030074e+01
1.169489111626105604e+01,1.166655556210844935e+01
1.438628514997319918e+01,1.536224681090985023e+01
1.268387075896126248e+01,1.343807052344353536e+01
1.379959799749124194e+01,1.503252612209513472e+01
1.254646143556901805e+01,1.196395710561183279e+01
1.305589958785290250e+01,1.291366576555597590e+01
1.404350485711152174e+01,1.387254529857813701e+01
1.312652520787533916e+01,1.244654854911939879e+01
1.237437013972410149e+01,1.379141529666848420e+01
1.077228224689577729e+01,1.311684638112118328e+01
1.309599829535905968e+01,1.140680704671376411e+01
1.226729654131172786e+01,1.397160427572343444e+01
1.329079502225751597e+01,1.293636861562371365e+01
1.391929948197143752e+01,1.385832862646682528e+01
1.323866107759667798e+01,1.394708390770784767e+01
1.296027411170110710e+01,1.274684825685435285e+01
1.370568106865993308e+01,1.459614359429055597e+01
1.245209099358399740e+01,1.298064107464413119e+01
1.425364387377136310e+01,1.235555991742909043e+01
1.385535045265400278e+01,1.354803881360008511e+01
1.373901147520284738e+01,1.204193809513938440e+01
1.129539268449460643e+01,1.203932820527509762e+01
1.308278653070822806e+01,1.364651480341963996e+01
1.116116461821330752e+01,1.311821560261749831e+01
1.251582532566088268e+01,1.343640569919451444e+01
1.509014587914956174e+01,1.395910280841875561e+01
1.304601789310812343e+01,1.257709147308363917e+01
1.316873301719782496e+01,1.171090276973295197e+01
1.299909542118008865e+01,1.419321432167537900e+01
1.242930876470449242e+01,1.234379848283165160e+01
1.302921508323945510e+01,1.056264722827923386e+01
1.464568448823646030e+01,1.248882063115544305e+01
1.259220728337648154e+01,1.291359568418626580e+01
1.127970919642834424e+01,1.373814738830590265e+01
1.283658701116997847e+01,1.388769783404312719e+01
1.231438192677149956e+01,1.300068882068376652e+01
1.251275205155152470e+01,1.307775003952702697e+01
1.365197601304812558e+01,1.302920047507358881e+01
1.246549477301405418e+01,1.205588151507921602e+01
1.241202423220719808e+01,1.206885628694980639e+01
1.134132787531909869e+01,1.368001114388400730e+01
1.370947019038725045e+01,1.212706137739441026e+01
1.294869699592717005e+01,1.330541716550561304e+01
1.396160014728159915e+01,1.322770000831616066e+01
1.274162048876669395e+01,1.376884653759514698e+01
1.448149305041604507e+01,1.243643816714956252e+01
1.229585145729217110e+01,1.289315003002702475e+01
1.307411657403252114e+01,1.332717642708994887e+01
1.299579437671647497e+01,1.369798187647320020e+01
1.330256665795527127e+01,1.479700859555398829e+01
1.268906436836185669e+01,1.347071940025144698e+01
1.393665698912663053e+01,1.154543932625057145e+01
1.195919059713668808e+01,1.421835759689116330e+01
1.363337516158217966e+01,1.325275385282900587e+01
1.394972726127427087e+01,1.349997336524265990e+01
1.115982458304318570e+01,1.240474953022427229e+01
1.280153180079525299e+01,1.389611831940123565e+01
1.269454078095257721e+01,1.264462233717874362e+01
1.149697814589738698e+01,1.303695340006508196e+01
1.400642464010115695e+01,1.286808119366662950e+01
1.193666525887508278e+01,1.378115148835072645e+01
1.381648277381852097e+01,1.305377814842778506e+01
1.252335130970181254e+01,1.357934212715831634e+01
1.403293748779863748e+01,1.335616786617565310e+01
1.332374305180177565e+01,1.177995425116817607e+01
1.327458507587196124e+01,1.209810424766184056e+01
1.415413760830290890e+01,1.212573431298381621e+01
1.315826857956377616e+01,1.455893935973115205e+01
1.064867455614271563e+01,1.392323828457978863e+01
1.217450099205793812e+01,1.364313378285869760e+01
1.328237762219397311e+01,1.394064938338288862e+01
1.269717147617797970e+01,1.259325733721009577e+01
1.467329094982544291e+01,1.279404230690414046e+01
1.176531645135199078e+01,1.237956747192817275e+01
1.362888042464785165e+01,1.268294212423395173e+01
1.349396585492806011e+01,1.269469209943744481e+01
1.068455292919446364e+01,1.308896224498413119e+01
1.225663564461829225e+01,1.209030255534051435e+01
1.214347450926517880e+01,1.437284620544244618e+01
1.316568017735402485e+01,1.367413597168008188e+01
1.295415798038411737e+01,1.065047698525616759e+01
1.243119558625326349e+01,1.334544695029229544e+01
1.372948275502821680e+01,1.316856541408487935e+01
1.215107610394308679e+01,1.443368463564146786e+01
1.305671108463351082e+01,1.324623227080469867e+01
1.266943396692819590e+01,5.028015237486368250e+00
1.137807707740499552e+01,3.102686042539536615e+00
1.121470121124417929e+01,4.209157363043749100e+00
1.287367657076230465e+01,4.339470587117395084e+00
1.291917841495029506e+01,4.853298982466156097e+00
1.310872253276683352e+01,6.473899216066675955e+00
1.381026135947531053e+01,4.714475841684057755e+00
1.484775009961929904e+01,5.299881651666304982e+00
1.263085792832717935e+01,4.665199529554896252e+00
1.184230998997123230e+01,4.327051465234116101e+00
1.327795521448989824e+01,4.859384482168406905e+00
1.287519581354866283e+01,4.986524214868060412e+00
1.260679932339921905e+01,5.467134336299833031e+00
1.315261939980901573e+01,5.400346619608283660e+00
1.273028719699365574e+01,6.120582580968680908e+00
1.338982732454209845e+01,4.286313672848423018e+00
1.180219928270423146e+01,4.773246218151279585e+00
1.275717356075872644e+01,7.581872448533279574e+00
1.140549159952088409e+01,4.423209646475306123e+00
1.361103589116657631e+01,4.514317795894552177e+00
1.326327677733144483e+01,5.221293600327437723e+00
1.232127167706880577e+01,5.300082798711464704e+00
1.477113010719692276e+01,5.567442830005374432e+00
1.286008852747619002e+01,7.597247840245412220e+00
1.424025546729173897e+01,4.900974342476029477e+00
1.390916060147699440e+01,4.122496787918811911e+00
1.257828567300126998e+01,3.284902508425428636e+00
1.387962676137825646e+01,4.270308752276684494e+00
1.376915454439833653e+01,4.244096741765448932e+00
1.253173322768302889e+01,6.793026437157424269e+00
1.257373688206186557e+01,3.739079207114197168e+00
1.239993456227292512e+01,4.813673096907399973e+00
1.307733907154052311e+01,3.185903475263155649e+00
1.262343463829247803e+01,6.973706392886292349e+00
1.443566805707185097e+01,5.693509457846024802e+00
1.294434129422990942e+01,5.435819629607665959e+00
1.280269143557130995e+01,5.550166405460025487e+00
1.348120415491916368e+01,5.610094976421715174e+00
1.404907955325858815e+01,4.915000645267217472e+00
1.088618175934911392e+01,4.777005939779178867e+00
1.366142901384092134e+01,5.338153360120097446e+00
1.155543997449282045e+01,4.099645747479107705e+00
1.326921520595015558e+01,4.190477365224770878e+00
1.347675712221287725e+01,2.991499133625554752e+00
1.215595646271546570e+01,5.616675366687259974e+00
1.240212659042150989e+01,4.340467481501308455e+00
1.136068607467947089e+01,5.419316905083123359e+00
1.343975997715180171e+01,4.724790788729182012e+00
1.198526371078814812e+01,4.804797892690584327e+00
1.072164251080388908e+01,4.898061820843330416e+00
1.348249595572273130e+01,6.103142112068279168e+00
1.325005934092188653e+01,4.999551841628933069e+00
1.269033736787712563e+01,6.051283446677624411e+00
1.321761951129101043e+01,4.916785605338082732e+00
1.443864983640973776e+01,6.099202796050086306e+00
1.542995287386568037e+01,7.193102703726017566e+00
1.303880863066486917e+01,2.739236489063922253e+00
1.263361876877722700e+01,5.153643674831144494e+00
1.292533195528606349e+01,3.755543224984089434e+00
1.434557530296449457e+01,4.800969665062314817e+00
1.484136337693296603e+01,3.246651300519378225e+00
1.316615535226111255e+01,5.716512114088198260e+00
1.270094169768024095e+01,3.902184982263729562e+00
1.214073570159195725e+01,4.851048289315854412e+00
1.317129310524739694e+01,4.342157714402580915e+00
1.403651506727745435e+01,5.558585897382541496e+00
1.411769872864435271e+01,7.307291065383235029e+00
1.274583683606262952e+01,5.726035854066522823e+00
1.374995320182586589e+01,4.637072265687239181e+00
1.182735827105071813e+01,5.019160859846617306e+00
1.255324789583429990e+01,5.256664095273698933e+00
1.285090012983749475e+01,5.389403779120578442e+00
1.333544840845409851e+01,5.982465307617768957e+00
1.277390579254647562e+01,5.989726463962725234e+00
1.077201388813280403e+01,3.635338911585489718e+00
1.305342882559712159e+01,5.620372207072901638e+00
1.247613321767704520e+01,5.072861679738717378e+00
1.310055399871008319e+01,4.788471455519952791e+00
1.449123358797293726e+01,4.735870233729214007e+00
1.283301607492291474e+01,5.250573669155082612e+00
1.301391919753874049e+01,5.848978726689055385e+00
1.384821687169488769e+01,4.670954429019723797e+00
1.158681460356842585e+01,4.230919410963432270e+00
1.213877341825976153e+01,5.051895753246188114e+00
1.386639855355841178e+01,5.604094770580704044e+00
1.318793329313782081e+01,5.893617522352882609e+00
1.206783991882481466e+01,5.227481031591311833e+00
1.250640381589487049e+01,5.223519410903870508e+00
1.314387933787749496e+01,5.661234635282774263e+00
1.315079380725678249e+01,6.128230271774418370e+00
1.169524403951321290e+01,6.132517750632601405e+00
1.029802206882139615e+01,4.644854572092002698e+00
1.333295440604996607e+01,3.398882766588258608e+00
1.345866361634551289e+01,7.103043679028059998e+00
1.102480624266973841e+01,5.902738019985614315e+00
1.508807209728558618e+01,4.572309261429039928e+00
1.203469422789404497e+01,4.876300422073712504e+00
1.340673169682864874e+01,3.918470931185562556e+00
1.342961423376465646e+01,4.656902934660856808e+00
1.316228146899955576e+01,5.807665813480851646e+00
1.292440427359780308e+01,6.397291354112928374e+00
1.400356938295399978e+01,4.788894669822754580e+00
1.196078613057707685e+01,7.391899365358144181e+00
1.257131010554690853e+01,4.640049715487045034e+00
1.352514538425166002e+01,6.917527047208951174e+00
1.205000530330995723e+01,4.485011054461399027e+00
1.284460741226330605e+01,3.944110317895922257e+00
1.422698733106481228e+01,5.772081327604300149e+00
1.373584633148661815e+01,4.528773389784597647e+00
1.484296625907907696e+01,5.329424971190286797e+00
1.082849023466974536e+01,4.478955133230616781e+00
1.298596175887955795e+01,3.193213493156081384e+00
1.170076262812629864e+01,5.560186884363664817e+00
1.385858194164069701e+01,5.246428524811287630e+00
1.503498977587906360e+01,6.363295894176975942e+00
1.073724487411807260e+01,5.000981470877566615e+00
1.082579857242495791e+01,5.154824757687029191e+00
1.384411237083209478e+01,5.675471649227493032e+00
1.452463883078973161e+01,5.042717168344725387e+00
1.433515118134823574e+01,2.904641951826402391e+00
1.115978188971803142e+01,3.853438583432724940e+00
1.282423129713887633e+01,3.852953409743758328e+00
1.304656269377668565e+01,5.434421767185049212e+00
1.370553695227776281e+01,4.488616950833685948e+00
1.372425437474256960e+01,6.468134283059519873e+00
1.339251378427485939e+01,4.497021350554710750e+00
1.294641676506435068e+01,5.279730002368095754e+00
1.124897256312132576e+01,5.731053493622236594e+00
1.362526560651637730e+01,4.125915013689287036e+00
1.237552193992026695e+01,3.769850190203170470e+00
1.302415788124721807e+01,7.282966133571936673e+00
1.413158394745033419e+01,4.206041232542070851e+00
1.258924948964527069e+01,6.032585803617615205e+00
1.360582036832388297e+01,5.512322655003544014e+00
1.200127177372385212e+01,3.609775363987332675e+00
1.183988933081637640e+01,4.780245605158825128e+00
1.267298185345643446e+01,5.852431582180766867e+00
1.229600183202330221e+01,4.688893762997199843e+00
1.312887722109759281e+01,5.753852544184441697e+00
1.277934283468711563e+01,6.115208490492513249e+00
1.426642286368488755e+01,4.483428618105795849e+00
1.192903873271225024e+01,5.274877838240668027e+00
1.385509764604832661e+01,4.958214799992049393e+00
1.302476657722003850e+01,5.692387174223942026e+00
1.077522463686684695e+01,5.785282993189586165e+00
1.284392562219296252e+01,5.041364991302313747e+00
1.247297421349109747e+01,4.948891703159782551e+00
1.138353801265937193e+01,4.630965996426272824e+00
1.433127139033074293e+01,4.953805004308539317e+00
1.197878952573207023e+01,4.286897303628580680e+00
1.313011833978950449e+01,6.255978192937404536e+00
1.362216357332158623e+01,6.178025226300877470e+00
1.251405881444448909e+01,6.057284118705726250e+00
1.308497921832451993e+01,6.305253193597374128e+00
1.256757729666796486e+01,3.888808627362372761e+00
1.380447359847088684e+01,5.274023067675041254e+00
1.318329816241234553e+01,3.927027433477650931e+00
1.281575435252837281e+01,4.239439358584816908e+00
1.302416535097614947e+01,3.283910244076409857e+00
1.417910177234161040e+01,5.176870418128058482e+00
1.202960607343851152e+01,6.719230920084207526e+00
1.340142831236366483e+01,5.353484143024841657e+00
1.427715774780492097e+01,5.722798986916704855e+00
1.211467599537933459e+01,3.968869408640255614e+00
1.196028212768647414e+01,5.081279144367344180e+00
1.328223251229933055e+01,6.489443000297971942e+00
1.300872215804800547e+01,5.434564547673326196e+00
1.249660604605696257e+01,6.272581419662947688e+00
1.166693833069802544e+01,4.643675588609520233e+00
1.302351995720885292e+01,6.815318128927930097e+00
1.236577039813622036e+01,2.402118499256975959e+00
1.423524456006486716e+01,5.860520933774718166e+00
1.280702851686836397e+01,4.504810326140344934e+00
1.342014089529396337e+01,5.009757453639684499e+00
1.348419443201896328e+01,3.183446842289315626e+00
1.441045874065463295e+01,6.819482390764434854e+00
1.370397899484847848e+01,6.066858321253164377e+00
1.099519054887943881e+01,5.427474913437547954e+00
1.390867892109698722e+01,4.991708016113367563e+00
1.200512910069701000e+01,4.511326930809839375e+00
1.304171144789595260e+01,5.662544793586892666e+00
1.318152447001290639e+01,5.775818929924546374e+00
1.237629359573698373e+01,5.542253953321361948e+00
1.155221296796333874e+01,3.563816597014507703e+00
1.230216696622160200e+01,4.938536089670652274e+00
1.150766426303514933e+01,3.879940622784227244e+00
1.321286154927645917e+01,4.060663935222194709e+00
1.506996534206334459e+01,3.774983342095269201e+00
1.431513315652822271e+01,4.300163802491198339e+00
1.371027361984751458e+01,5.118953026242762938e+00
1.414933292888730954e+01,5.452565154616250354e+00
1.362785208921910574e+01,3.360106496954886168e+00
1.314660465881346774e+01,5.262156965077704029e+00
1.427203311563445531e+01,4.844233370447057929e+00
1.373941616232881202e+01,5.441358119795956405e+00
1.388307024261720102e+01,4.529235804741800209e+00
1.423233356683720352e+01,3.966645979459577642e+00
1.382291515950466376e+01,4.758850487132624707e+00
1.320211020235770505e+01,4.223394488931923263e+00
1.255364140480398305e+01,4.777849195130625226e+00
